,precision,recall,f1-score,support
False,0.9934640522875817,0.9620253164556962,0.9774919614147911,158.0
True,0.999294366694108,0.9998823252530007,0.9995882595141461,8498.0
accuracy,0.9991913123844732,0.9991913123844732,0.9991913123844732,0.9991913123844732
macro avg,0.9963792094908448,0.9809538208543485,0.9885401104644687,8656.0
weighted avg,0.9991879445965767,0.9991913123844732,0.9991849305978222,8656.0
