,precision,recall,f1-score,support
False,0.9808917197452229,0.9746835443037974,0.9777777777777777,158.0
True,0.99952935639487,0.9996469757590021,0.9995881626169323,8498.0
accuracy,0.9991913123844732,0.9991913123844732,0.9991913123844732,0.9991913123844732
macro avg,0.9902105380700464,0.9871652600313998,0.988682970197355,8656.0
weighted avg,0.9991891592379102,0.9991913123844732,0.9991900525424652,8656.0
