,precision,recall,f1-score,support
False,0.9459459459459459,0.8860759493670886,0.9150326797385621,158.0
True,0.9978843441466855,0.9990586020240056,0.9984711278372339,8498.0
accuracy,0.996996303142329,0.996996303142329,0.996996303142329,0.996996303142329
macro avg,0.9719151450463157,0.9425672756955471,0.956751903787898,8656.0
weighted avg,0.9969363003717644,0.996996303142329,0.9969481062568747,8656.0
