,precision,recall,f1-score,support
False,0.9523809523809523,0.8860759493670886,0.9180327868852458,158.0
True,0.9978845927841109,0.999176276771005,0.9985300170518022,8498.0
accuracy,0.9971118299445472,0.9971118299445472,0.9971118299445472,0.9971118299445472
macro avg,0.9751327725825316,0.9426261130690468,0.958281401968524,8656.0
weighted avg,0.9970540041538314,0.9971118299445472,0.9970606822128102,8656.0
