,precision,recall,f1-score,support
False,0.9868421052631579,0.47468354430379744,0.641025641025641,158.0
True,0.9903263403263404,0.9998823252530007,0.9950813912636141,8498.0
accuracy,0.9902957486136784,0.9902957486136784,0.9902957486136784,0.9902957486136784
macro avg,0.9885842227947491,0.7372829347783991,0.8180535161446275,8656.0
weighted avg,0.9902627417658062,0.9902957486136784,0.9886187285397693,8656.0
