,precision,recall,f1-score,support
False,0.9178082191780822,0.8481012658227848,0.881578947368421,158.0
True,0.9971797884841364,0.9985879030360084,0.9978833490122295,8498.0
accuracy,0.9958410351201479,0.9958410351201479,0.9958410351201479,0.9958410351201479
macro avg,0.9574940038311093,0.9233445844293966,0.9397311481903252,8656.0
weighted avg,0.9957310005970803,0.9958410351201479,0.995760417466513,8656.0
