,precision,recall,f1-score,support
False,0.9936305732484076,0.9873417721518988,0.9904761904761905,158.0
True,0.999764678197435,0.9998823252530007,0.9998234982643996,8498.0
accuracy,0.9996534195933456,0.9996534195933456,0.9996534195933456,0.9996534195933456
macro avg,0.9966976257229213,0.9936120487024498,0.9951498443702951,8656.0
weighted avg,0.9996527109398163,0.9996534195933456,0.9996528796610566,8656.0
