,precision,recall,f1-score,support
False,0.910958904109589,0.8417721518987342,0.8750000000000001,158.0
True,0.9970622796709753,0.9984702282890092,0.9977657572906867,8498.0
accuracy,0.9956099815157117,0.9956099815157117,0.9956099815157117,0.9956099815157117
macro avg,0.9540105918902821,0.9201211900938717,0.9363828786453434,8656.0
weighted avg,0.995490614544046,0.9956099815157117,0.9955248851035414,8656.0
