,precision,recall,f1-score,support
False,0.927536231884058,0.810126582278481,0.8648648648648648,158.0
True,0.9964780464897863,0.998823252530007,0.997649271274095,8498.0
accuracy,0.9953789279112755,0.9953789279112755,0.9953789279112755,0.9953789279112755
macro avg,0.9620071391869222,0.904474917404244,0.9312570680694798,8656.0
weighted avg,0.9952196353636653,0.9953789279112755,0.9952255263327064,8656.0
